path,type,source,author,license,generation_command,sha256
games/wuxia_arpg/.gitignore,文档/仓库配置,仓库手写,DSEngine Authors,Apache-2.0,HAND,e42f5b3d286ee5c9747fdaeba4351308637c6aace64076840c32c372cc4bfbba
games/wuxia_arpg/assets/actor/bandit_d_atlas.dsprite.json,新生成角色图集,gen_assets.py,DSEngine Authors,Apache-2.0,G1,e8cdbb13ba401a7957f0103df6548d32ba58c1b6e7a143bfb0ed984521f0195b
games/wuxia_arpg/assets/actor/bandit_d_atlas.png,新生成角色图集,gen_assets.py,DSEngine Authors,Apache-2.0,G1,d0540cf53ed8198e84efcce8dd1e5c660837aa6e6f9a02036709a8fb3a730262
games/wuxia_arpg/assets/actor/bandit_l_atlas.dsprite.json,新生成角色图集,gen_assets.py,DSEngine Authors,Apache-2.0,G1,5677b5ccf7716333dce5ed9861dcf869b6019330fcd903faa61b65a1cdc21112
games/wuxia_arpg/assets/actor/bandit_l_atlas.png,新生成角色图集,gen_assets.py,DSEngine Authors,Apache-2.0,G1,7b7ee4fc23126bd1eb1aff6ea9a2005c37e86caa673a59dea45aa54425e90ef6
games/wuxia_arpg/assets/actor/bandit_r_atlas.dsprite.json,新生成角色图集,gen_assets.py,DSEngine Authors,Apache-2.0,G1,67e71d134e8ca457fe9518dfc420c632dc3926920f24bf307e732103fc66a694
games/wuxia_arpg/assets/actor/bandit_r_atlas.png,新生成角色图集,gen_assets.py,DSEngine Authors,Apache-2.0,G1,7fdabdbaf506edc7acfd7c9d01138595a07f9f8a758afbc2d3eadbb1902a532b
games/wuxia_arpg/assets/actor/bandit_u_atlas.dsprite.json,新生成角色图集,gen_assets.py,DSEngine Authors,Apache-2.0,G1,7b1136cc8da277a1362a50615c3589a061c7976f629dc5f18b754f8783ba9c5e
games/wuxia_arpg/assets/actor/bandit_u_atlas.png,新生成角色图集,gen_assets.py,DSEngine Authors,Apache-2.0,G1,4e3e91d25266552792f28045809091d7793dad17c995a6ca0efe01472432bc6f
games/wuxia_arpg/assets/actor/boss_d_atlas.dsprite.json,新生成角色图集,gen_assets.py,DSEngine Authors,Apache-2.0,G1,1944480a3bdd88c1d9dbfcce287668a9008638f2080062babb0599d73b82f4bb
games/wuxia_arpg/assets/actor/boss_d_atlas.png,新生成角色图集,gen_assets.py,DSEngine Authors,Apache-2.0,G1,3f45d6a4fc21e1c374b2b9972ad1cc789ecd8ff7739a25c3cdd3db1811d7ce20
games/wuxia_arpg/assets/actor/boss_l_atlas.dsprite.json,新生成角色图集,gen_assets.py,DSEngine Authors,Apache-2.0,G1,fc34a563eef3310c1a8b9f4ebe78440f3c145260a088feeef7ad058002a69435
games/wuxia_arpg/assets/actor/boss_l_atlas.png,新生成角色图集,gen_assets.py,DSEngine Authors,Apache-2.0,G1,8caabd07e1992b374473d9bcce88671a504c23c3f94dd271318160f7a48d12b8
games/wuxia_arpg/assets/actor/boss_r_atlas.dsprite.json,新生成角色图集,gen_assets.py,DSEngine Authors,Apache-2.0,G1,6e43124f01d1fea7ad969e8efb9111d324f4b5e96fea85f85fa84b2b00fbf486
games/wuxia_arpg/assets/actor/boss_r_atlas.png,新生成角色图集,gen_assets.py,DSEngine Authors,Apache-2.0,G1,5b6e84df6faf6bc9a597a6b8dbc89396f4689c3c58055d508e9e714c82c3add6
games/wuxia_arpg/assets/actor/boss_u_atlas.dsprite.json,新生成角色图集,gen_assets.py,DSEngine Authors,Apache-2.0,G1,204f6d2f4a2170046008d26468aedb74691dce06e9dc5d0b76c11beb4e73c397
games/wuxia_arpg/assets/actor/boss_u_atlas.png,新生成角色图集,gen_assets.py,DSEngine Authors,Apache-2.0,G1,0078aa096ed5088956e1837f647252cfcda698af44555cf20e9733591e30b8fb
games/wuxia_arpg/assets/actor/hero_d_atlas.dsprite.json,新生成角色图集,gen_assets.py,DSEngine Authors,Apache-2.0,G1,9e69fd523cff08995ef310f0a1be690690df8350396ef7bcfe3a536b3b6df320
games/wuxia_arpg/assets/actor/hero_d_atlas.png,新生成角色图集,gen_assets.py,DSEngine Authors,Apache-2.0,G1,bf5f463ea5f5f992ca63ca5d70f949aa0dfe20550c30c47f79b2952623a436d8
games/wuxia_arpg/assets/actor/hero_l_atlas.dsprite.json,新生成角色图集,gen_assets.py,DSEngine Authors,Apache-2.0,G1,0bbf35fd43a1ed9619226d529aaa56c45e4b3cc7995bde18b449c9703afbb730
games/wuxia_arpg/assets/actor/hero_l_atlas.png,新生成角色图集,gen_assets.py,DSEngine Authors,Apache-2.0,G1,bd8f6eb9741a8352aa366be0eb4401fc41bf035f619bc873a5ac82e2c94252c6
games/wuxia_arpg/assets/actor/hero_r_atlas.dsprite.json,新生成角色图集,gen_assets.py,DSEngine Authors,Apache-2.0,G1,aee3270a33c306c47ed40ee845c53f94b2c4497787edfb0404734afa6f0de174
games/wuxia_arpg/assets/actor/hero_r_atlas.png,新生成角色图集,gen_assets.py,DSEngine Authors,Apache-2.0,G1,b35cccee02e8580807429eb8fa5796044cf53d0fda782634b18fb00cdd612c6e
games/wuxia_arpg/assets/actor/hero_u_atlas.dsprite.json,新生成角色图集,gen_assets.py,DSEngine Authors,Apache-2.0,G1,d10f9bb9f92afb41e040132d3116a49972b0f55edb2dafb47e4e663495d1217d
games/wuxia_arpg/assets/actor/hero_u_atlas.png,新生成角色图集,gen_assets.py,DSEngine Authors,Apache-2.0,G1,ac1d6bc6d86d3f98a18029cdcdbbde99e2ed3791647831c5c9e553936e3deb80
games/wuxia_arpg/assets/audio/bgm_loop.wav,新生成音频,gen_assets.py,DSEngine Authors,Apache-2.0,G1,11f75b7b2692a4d49929703594abab2740610f2d9e9185e55de05b45b2aea033
games/wuxia_arpg/assets/audio/sfx_click.wav,新生成音频,gen_assets.py,DSEngine Authors,Apache-2.0,G1,eeb06a1e3002fa069e8db8753331ef4fae7dd588a75d1711896a022baff48f7a
games/wuxia_arpg/assets/audio/sfx_hit.wav,新生成音频,gen_assets.py,DSEngine Authors,Apache-2.0,G1,849090dd5ed7a3410ec96f25a83304865925c05bd13592a53a72f33258935d52
games/wuxia_arpg/assets/audio/sfx_levelup.wav,新生成音频,gen_assets.py,DSEngine Authors,Apache-2.0,G1,bed7f713fc35e3d50a2351a40fa1fb3630509273dd015f5354c2085093825efe
games/wuxia_arpg/assets/audio/sfx_pickup.wav,新生成音频,gen_assets.py,DSEngine Authors,Apache-2.0,G1,bea450515a40cad3b54b5adb35d3031c81dd00268b1e1207b6f91155c23c1e42
games/wuxia_arpg/assets/audio/sfx_slash.wav,新生成音频,gen_assets.py,DSEngine Authors,Apache-2.0,G1,f0b7235a8e8cedad6557bc9eea2f66e9c06ac5614d0ebb4aa4ed317b2b48e9fa
games/wuxia_arpg/assets/external/ninja_adventure/actor/bandit_d_atlas.dsprite.json,外部 CC0 角色图集,import_ninja_adventure.py,Pixel-Boy / AAA (Ninja Adventure Asset Pack),CC0 1.0,EXT1,bdf70a9d04487f968316148648774c3541bafae413e4eb3cf582ea0ab7909d61
games/wuxia_arpg/assets/external/ninja_adventure/actor/bandit_d_atlas.png,外部 CC0 角色图集,import_ninja_adventure.py,Pixel-Boy / AAA (Ninja Adventure Asset Pack),CC0 1.0,EXT1,b4fcf1d6aa6fcc611d285d49f04ec4db25ad24291bc926aaf79f4f5fbd727a51
games/wuxia_arpg/assets/external/ninja_adventure/actor/bandit_l_atlas.dsprite.json,外部 CC0 角色图集,import_ninja_adventure.py,Pixel-Boy / AAA (Ninja Adventure Asset Pack),CC0 1.0,EXT1,4d55f6808b64aa5caf643623c8a3decaa09b618d1bff1038db8295b513e535e4
games/wuxia_arpg/assets/external/ninja_adventure/actor/bandit_l_atlas.png,外部 CC0 角色图集,import_ninja_adventure.py,Pixel-Boy / AAA (Ninja Adventure Asset Pack),CC0 1.0,EXT1,9cb4fcfffbec2b51c214e0db5d714f492c003d66e65404ed08f3765d3ca13d3e
games/wuxia_arpg/assets/external/ninja_adventure/actor/bandit_r_atlas.dsprite.json,外部 CC0 角色图集,import_ninja_adventure.py,Pixel-Boy / AAA (Ninja Adventure Asset Pack),CC0 1.0,EXT1,8c0a61e5e29ad1e59e0b1fb7e7b7388a3e2151d229acdfe6deb996c6e4408e4b
games/wuxia_arpg/assets/external/ninja_adventure/actor/bandit_r_atlas.png,外部 CC0 角色图集,import_ninja_adventure.py,Pixel-Boy / AAA (Ninja Adventure Asset Pack),CC0 1.0,EXT1,5521ad572ed4ec9ce7d3b1a32a7e7db87554eef1bc789e0d4d53d75910d77441
games/wuxia_arpg/assets/external/ninja_adventure/actor/bandit_u_atlas.dsprite.json,外部 CC0 角色图集,import_ninja_adventure.py,Pixel-Boy / AAA (Ninja Adventure Asset Pack),CC0 1.0,EXT1,8cd270c7229cc54f6bb9174b5335c5e0841ef61710bd2730a45fc0d2ff06fbe8
games/wuxia_arpg/assets/external/ninja_adventure/actor/bandit_u_atlas.png,外部 CC0 角色图集,import_ninja_adventure.py,Pixel-Boy / AAA (Ninja Adventure Asset Pack),CC0 1.0,EXT1,67790fb6d75046b99245debe3e51ac28a1ba3ca366248f34eb8fd7b899d561e9
games/wuxia_arpg/assets/external/ninja_adventure/actor/boss_d_atlas.dsprite.json,外部 CC0 角色图集,import_ninja_adventure.py,Pixel-Boy / AAA (Ninja Adventure Asset Pack),CC0 1.0,EXT1,f09441207038d6d04aa2278656ceb3d23a910d5cce4c0113525f621b5b675c58
games/wuxia_arpg/assets/external/ninja_adventure/actor/boss_d_atlas.png,外部 CC0 角色图集,import_ninja_adventure.py,Pixel-Boy / AAA (Ninja Adventure Asset Pack),CC0 1.0,EXT1,f464602d69cb2b1edfa86552821b01589ca961b004aa14d360cb98d3f55fc5e1
games/wuxia_arpg/assets/external/ninja_adventure/actor/boss_l_atlas.dsprite.json,外部 CC0 角色图集,import_ninja_adventure.py,Pixel-Boy / AAA (Ninja Adventure Asset Pack),CC0 1.0,EXT1,15f013582782e2b61ed7981af8d29c618743548f541146e44dfe1669910965d3
games/wuxia_arpg/assets/external/ninja_adventure/actor/boss_l_atlas.png,外部 CC0 角色图集,import_ninja_adventure.py,Pixel-Boy / AAA (Ninja Adventure Asset Pack),CC0 1.0,EXT1,35dc35cd59b91722a8567e574516f9bfb0261d76d10e3c7e5979b774c1eb973f
games/wuxia_arpg/assets/external/ninja_adventure/actor/boss_r_atlas.dsprite.json,外部 CC0 角色图集,import_ninja_adventure.py,Pixel-Boy / AAA (Ninja Adventure Asset Pack),CC0 1.0,EXT1,65414b83388fe01bfcd6b8a3579b88f015fff05ecf9eba7f3e0c601207f56420
games/wuxia_arpg/assets/external/ninja_adventure/actor/boss_r_atlas.png,外部 CC0 角色图集,import_ninja_adventure.py,Pixel-Boy / AAA (Ninja Adventure Asset Pack),CC0 1.0,EXT1,28f310bf014072ce44122ab135978400804a6cb16902e0534faf2a76dfe85841
games/wuxia_arpg/assets/external/ninja_adventure/actor/boss_u_atlas.dsprite.json,外部 CC0 角色图集,import_ninja_adventure.py,Pixel-Boy / AAA (Ninja Adventure Asset Pack),CC0 1.0,EXT1,e8306ab5c6a85bedb8e4ee756ab39364080e12310ac45568db91b251276fca37
games/wuxia_arpg/assets/external/ninja_adventure/actor/boss_u_atlas.png,外部 CC0 角色图集,import_ninja_adventure.py,Pixel-Boy / AAA (Ninja Adventure Asset Pack),CC0 1.0,EXT1,2770f80c603443f089ed24aff1ef1e1b034342de0f4f15c2a58a4835c4ca4479
games/wuxia_arpg/assets/external/ninja_adventure/actor/hero_d_atlas.dsprite.json,外部 CC0 角色图集,import_ninja_adventure.py,Pixel-Boy / AAA (Ninja Adventure Asset Pack),CC0 1.0,EXT1,4f4bf080f7777aba8532286401b613c5751cfa0ed7330229a493a31f13b3a2bd
games/wuxia_arpg/assets/external/ninja_adventure/actor/hero_d_atlas.png,外部 CC0 角色图集,import_ninja_adventure.py,Pixel-Boy / AAA (Ninja Adventure Asset Pack),CC0 1.0,EXT1,90e57891da672e2b9f26c2a5d2d175e1eeea048309c391112c7cf41cad7c38f8
games/wuxia_arpg/assets/external/ninja_adventure/actor/hero_l_atlas.dsprite.json,外部 CC0 角色图集,import_ninja_adventure.py,Pixel-Boy / AAA (Ninja Adventure Asset Pack),CC0 1.0,EXT1,8ff314e0ee25abe25c4e83b3dbf76da428206131d66fe27b59b64a2ac6208765
games/wuxia_arpg/assets/external/ninja_adventure/actor/hero_l_atlas.png,外部 CC0 角色图集,import_ninja_adventure.py,Pixel-Boy / AAA (Ninja Adventure Asset Pack),CC0 1.0,EXT1,91c1a1b38f67974b4e429f086e1748fd3ae2180d6848166a73af7cfbf4372bd7
games/wuxia_arpg/assets/external/ninja_adventure/actor/hero_r_atlas.dsprite.json,外部 CC0 角色图集,import_ninja_adventure.py,Pixel-Boy / AAA (Ninja Adventure Asset Pack),CC0 1.0,EXT1,7b34f05ffffa5409f6c53c31be9d915511e700bcdeed19132029fb21f6116363
games/wuxia_arpg/assets/external/ninja_adventure/actor/hero_r_atlas.png,外部 CC0 角色图集,import_ninja_adventure.py,Pixel-Boy / AAA (Ninja Adventure Asset Pack),CC0 1.0,EXT1,49884a7e977b99a2ba39dbd8aa6443e6b8b095c28f46cee55f170be4fc6834bd
games/wuxia_arpg/assets/external/ninja_adventure/actor/hero_u_atlas.dsprite.json,外部 CC0 角色图集,import_ninja_adventure.py,Pixel-Boy / AAA (Ninja Adventure Asset Pack),CC0 1.0,EXT1,c5d1307f56cf968cc4bd8206e35036c678be8afbde1004ecb69d6e0f3aae6019
games/wuxia_arpg/assets/external/ninja_adventure/actor/hero_u_atlas.png,外部 CC0 角色图集,import_ninja_adventure.py,Pixel-Boy / AAA (Ninja Adventure Asset Pack),CC0 1.0,EXT1,b7c190a8190c2d434af08f8c9e4089b5be959e2082db6cebd56bd76d2c0ea979
games/wuxia_arpg/assets/external/ninja_adventure/audio/theme_dream.ogg,外部 CC0 音乐,import_ninja_adventure.py,Pixel-Boy / AAA (Ninja Adventure Asset Pack),CC0 1.0,EXT1,a3baf1b0a7da883334caf20ba9b09f72e65d6459b6888b2905cdf1905034ced9
games/wuxia_arpg/assets/external/ninja_adventure/audio/theme_lost_village.ogg,外部 CC0 音乐,import_ninja_adventure.py,Pixel-Boy / AAA (Ninja Adventure Asset Pack),CC0 1.0,EXT1,e85e87a96248600cdffe27357d514e8c713ee2f27d490923d6a53016842843c2
games/wuxia_arpg/assets/external/ninja_adventure/audio/theme_plain.ogg,外部 CC0 音乐,import_ninja_adventure.py,Pixel-Boy / AAA (Ninja Adventure Asset Pack),CC0 1.0,EXT1,0720c25ff0f14ad73d5fa302a8d3e5cccc47abb91ca1b704a3b0b1da3b476686
games/wuxia_arpg/assets/external/ninja_adventure/audio/theme_swamp.ogg,外部 CC0 音乐,import_ninja_adventure.py,Pixel-Boy / AAA (Ninja Adventure Asset Pack),CC0 1.0,EXT1,c5f1d954bb5be95f893e3e848d0baabf3fbf7c22db7ad480e58ce910a14e68dc
games/wuxia_arpg/assets/external/ninja_adventure/SOURCE.md,外部素材来源说明,import_ninja_adventure.py,Pixel-Boy / AAA (Ninja Adventure Asset Pack),CC0 1.0,EXT1,0c8d953a1da3c84f6698142f56f62097afd4b401473ecf062dc4103cd90e0d87
games/wuxia_arpg/assets/props/bamboo.png,新生成 3D 道具贴图,gen_assets.py,DSEngine Authors,Apache-2.0,G1,bc1458f649ad9d8ac714d9062c5b7398f2f23316a4a56ffe4220ce9d2f9db5f9
games/wuxia_arpg/assets/props/house.png,新生成 3D 道具贴图,gen_assets.py,DSEngine Authors,Apache-2.0,G1,11153fee5baa52128446dc1da1efb8b751f88e4121d4b616453c3c1856b79a48
games/wuxia_arpg/assets/props/lantern.png,新生成 3D 道具贴图,gen_assets.py,DSEngine Authors,Apache-2.0,G1,551d3777efe8500f10a0e676c06dba042132dc20faba447f7045acd9958d3ff6
games/wuxia_arpg/assets/props/rock.png,新生成 3D 道具贴图,gen_assets.py,DSEngine Authors,Apache-2.0,G1,b23016c200b19e66df647d5da3ea1918641ed7c15e9f06c7b0b20f93964857cd
games/wuxia_arpg/assets/props/tree.png,新生成 3D 道具贴图,gen_assets.py,DSEngine Authors,Apache-2.0,G1,3fd72a8951721fd17015d4106b51aeb643800dd27846702709e0f01035f14d69
games/wuxia_arpg/assets/ui/font.png,新生成字体图集/度量,gen_assets.py + apps/editor_cpp/fonts/NotoSansSC-Regular.ttf,DSEngine Authors / Noto CJK contributors,Apache-2.0 (生成输出) + SIL OFL 1.1 (字形来源),G1,58051dd1b1d22226bff691f5cea7d04cdcf18ab08e803a6e6d86b6a6f4414e4a
games/wuxia_arpg/assets/weather/fog.png,新生成天气粒子贴图,gen_assets.py,DSEngine Authors,Apache-2.0,G1,0e0f8177912ce3c1d0cdcd3ba109e649c75358eecafb1696ec0b9c3706b59092
games/wuxia_arpg/assets/weather/leaf.png,新生成天气粒子贴图,gen_assets.py,DSEngine Authors,Apache-2.0,G1,9e2eda1170bb4aa7494b835085d9f7b90acac114744f71f1083f009537261b75
games/wuxia_arpg/assets/weather/rain.png,新生成天气粒子贴图,gen_assets.py,DSEngine Authors,Apache-2.0,G1,d6ef7e6b1fa6fddf9e0dbfac6f8bf308f2a8c52646f37f62b5990c74fc664f2d
games/wuxia_arpg/assets/weather/snow.png,新生成天气粒子贴图,gen_assets.py,DSEngine Authors,Apache-2.0,G1,919435fa915e2de1babdeed3bb26f6a7a82d0c940fb4237d3ed62797213d6ad2
games/wuxia_arpg/README.md,文档/仓库配置,仓库手写,DSEngine Authors,Apache-2.0,HAND,cb3f18259120b8ebee23c5c37d195a52f78e5ebbc6096e124069fb90dc2d78fa
games/wuxia_arpg/scripts/_logic_test.lua,新游戏 Lua 源码,仓库手写,DSEngine Authors,Apache-2.0,HAND,9f7712009ad34c1a449cd91ee73373313c0a5a5c02cf572048a253c3d700fca2
games/wuxia_arpg/scripts/_r4_combat_test.lua,新游戏 Lua 源码,仓库手写,DSEngine Authors,Apache-2.0,HAND,f162ee1e96675fc0026f31de37d788413f2b12bbd223a7377f313688e27cab1e
games/wuxia_arpg/scripts/_r4_logic_test.lua,新游戏 Lua 源码,仓库手写,DSEngine Authors,Apache-2.0,HAND,79e5caeac25f17fbf85cf869c7085ad81bc5632f7e27b46a6dd16be7f2e7b069
games/wuxia_arpg/scripts/_r5_maps_test.lua,新游戏 Lua 源码,仓库手写,DSEngine Authors,Apache-2.0,HAND,e46cfad7b9162dd0d1b623ac3413df7ec8c8e1b6f1120efc5656a4368d27c590
games/wuxia_arpg/scripts/_r6_save_test.lua,新游戏 Lua 源码,仓库手写,DSEngine Authors,Apache-2.0,HAND,2314b1fb63976a16bef4fb7061c5c5283a1673b659894ed218476ea26796b186
games/wuxia_arpg/scripts/assets.lua,新游戏 Lua 源码,仓库手写,DSEngine Authors,Apache-2.0,HAND,a9494b4fd564ba9a6e82ee7f38f3091b4643dabfd0357e41218c1fd800d7751e
games/wuxia_arpg/scripts/core.lua,新游戏 Lua 源码,仓库手写,DSEngine Authors,Apache-2.0,HAND,270ef8879e0ac57cb46d2dbb48c2262700cf7f1dc80c722be486a672d7979b64
games/wuxia_arpg/scripts/data.lua,新游戏 Lua 源码,仓库手写,DSEngine Authors,Apache-2.0,HAND,5d35d0adb94251ae014917eb7e6dd661b2c3e1c950384a4fc3b6d23a112ead94
games/wuxia_arpg/scripts/enemy.lua,新游戏 Lua 源码,仓库手写,DSEngine Authors,Apache-2.0,HAND,f789a059a2329d22320c5f2329d2a577d1fbbbfd8edff7e2062e67f1e98c4b8b
games/wuxia_arpg/scripts/font.lua,新生成字体图集/度量,gen_assets.py + apps/editor_cpp/fonts/NotoSansSC-Regular.ttf,DSEngine Authors / Noto CJK contributors,Apache-2.0 (生成输出) + SIL OFL 1.1 (字形来源),G1,bdb0c3075432d58ef0b6c17d100157826827dba853646096b95e6eeb34ba50b2
games/wuxia_arpg/scripts/fx.lua,新游戏 Lua 源码,仓库手写,DSEngine Authors,Apache-2.0,HAND,8a18e7ddb3eae3b689bf3f44a9683209247ee9bcb0182c078cf53b82e88fe90e
games/wuxia_arpg/scripts/loot.lua,新游戏 Lua 源码,仓库手写,DSEngine Authors,Apache-2.0,HAND,5bd8ee89b5e122bd42a8a96ca8dc60cac6c8d82c68c5846fc8cce1d265454f76
games/wuxia_arpg/scripts/main.lua,新游戏 Lua 源码,仓库手写,DSEngine Authors,Apache-2.0,HAND,5a4b821a305a99fe719f1f0ba2c04c0731fb47fedd58bf583980d79f6092973f
games/wuxia_arpg/scripts/player.lua,新游戏 Lua 源码,仓库手写,DSEngine Authors,Apache-2.0,HAND,c8943cfd0d2e607b58a2238d4e770287eb127fdb8b304c2ff6708c373c68f4ca
games/wuxia_arpg/scripts/rng.lua,新游戏 Lua 源码,仓库手写,DSEngine Authors,Apache-2.0,HAND,a24dad4f13b68dac840593fa4aba2da08d3c91d65e772bf6bd05ba1c7f8c3b1a
games/wuxia_arpg/scripts/save.lua,新游戏 Lua 源码,仓库手写,DSEngine Authors,Apache-2.0,HAND,a221224f9f5089f191385e7fb759ae1216ee1f1e87d83d66b33295475f17fb84
games/wuxia_arpg/scripts/terrain.lua,新游戏 Lua 源码,仓库手写,DSEngine Authors,Apache-2.0,HAND,a5a4ae34471ce79986fd764028cdfb52c11db97d3714d89fae3fa69796ce57c4
games/wuxia_arpg/scripts/ui.lua,新游戏 Lua 源码,仓库手写,DSEngine Authors,Apache-2.0,HAND,8d1a8c1ec53b5206a657229b67c29859a3f272372fc7494d364ededef16167c4
games/wuxia_arpg/scripts/weather.lua,新游戏 Lua 源码,仓库手写,DSEngine Authors,Apache-2.0,HAND,cfe02c2ca078324070a04bf3d6bb67909b2e1aff0f7c50e5628094de8e3c0b7e
games/wuxia_arpg/tools/gen_assets.py,生成/验收工具源码,仓库手写,DSEngine Authors,Apache-2.0,HAND,244e3f382d444d126e8255b75764808e144789af2260d3be7fc6bc03cafd7c4b
games/wuxia_arpg/tools/gen_ledger.py,生成/验收工具源码,仓库手写,DSEngine Authors,Apache-2.0,HAND,2b26dc1f801f3f6ca4606fa0ae7a170c0927c61026927b4714db791b31bd5eb1
games/wuxia_arpg/tools/import_ninja_adventure.py,生成/验收工具源码,仓库手写,DSEngine Authors,Apache-2.0,HAND,c7c98b0f8ba913529e7f5698d6bddb30c07f4f916a03e4125b5adc8009d9c9e6
games/wuxia_arpg/tools/pixel_stats.py,生成/验收工具源码,仓库手写,DSEngine Authors,Apache-2.0,HAND,70f84e1b2080e067c0af3e0140df9f345d281e59f0421dba859b3531e998c0e7
games/wuxia_arpg/tools/run_r3_acceptance.py,生成/验收工具源码,仓库手写,DSEngine Authors,Apache-2.0,HAND,999db8aac5ea25a3a3a771beacf0509e3f4b0da609408576d99c0bbf528bcdac
games/wuxia_arpg/tools/run_r4_acceptance.py,生成/验收工具源码,仓库手写,DSEngine Authors,Apache-2.0,HAND,7050fa5d53ccaf0756f95572f531dce30b715d3701fa4442678ff703d378dd1e
games/wuxia_arpg/tools/run_r5_acceptance.py,生成/验收工具源码,仓库手写,DSEngine Authors,Apache-2.0,HAND,9f8a11de4a4b8f72c6e59f97b85361b06b4b3a1d1215a43cc41ae241d6a955b5
games/wuxia_arpg/tools/run_r6_acceptance.py,生成/验收工具源码,仓库手写,DSEngine Authors,Apache-2.0,HAND,0e405503c6f74ce96e6bcec603923ad8fa5eedc5608f6ebe33a0ad60a10b1c5c
